sequence,row_index,id,relative_path,source_sha256,source_size_bytes,expected_status,schedule_schema_version,schedule_design,schedule_sha256,repeat,schedule_row,complete_block,row_in_block,order_in_repeat,arm_position,label,arm,schedule_order_json,timing_scope,parser_inclusive,result,time_s,exit_code,process_returncode,timed_out,error_kind,error_detail,stdout,stderr,argv_json
0,0,6935,QF_UF/QG-classification/qg7/gensys_brn012.smt2,7b0c003fd90dea30b1399a6e5985dca278642e42c9138022c03348a51b0c9b19,831673,sat,1,williams_first_order_carryover,ae0f9f51875b06d06252e67375eb448bb077cfb33b275b2adfe210a6a9757125,0,0,0,0,0,0,baseline,baseline,"[""baseline"",""staged-10""]",parser_inclusive_subprocess_wall_clock,1,sat,0.109926717,0,0,0,,,"sat
",,"[""/net/scratch/hscra/plgrid/plgnasqret/codex-control/projects/euf-viper/runs/20260727T073625Z-staged-qg7-e9fef17/target/release/euf-viper"",""fabric-solve"",""--engine"",""quotient-portfolio"",""/net/scratch/hscra/plgrid/plgnasqret/codex-control/projects/euf-viper/corpora/9b39c70a794d52277a4e5d83731f0ebc50a2f3b804eb1dfc8cf32766a5ebeadc/smtlib-2025/QF_UF/QF_UF/QG-classification/qg7/gensys_brn012.smt2""]"
1,0,6935,QF_UF/QG-classification/qg7/gensys_brn012.smt2,7b0c003fd90dea30b1399a6e5985dca278642e42c9138022c03348a51b0c9b19,831673,sat,1,williams_first_order_carryover,ae0f9f51875b06d06252e67375eb448bb077cfb33b275b2adfe210a6a9757125,0,0,0,0,1,1,staged-10,staged-10,"[""baseline"",""staged-10""]",parser_inclusive_subprocess_wall_clock,1,sat,0.168267459,0,0,0,,,"sat
",,"[""/net/scratch/hscra/plgrid/plgnasqret/codex-control/projects/euf-viper/runs/20260727T073625Z-staged-qg7-e9fef17/target/release/euf-viper"",""fabric-solve"",""--engine"",""quotient-portfolio"",""/net/scratch/hscra/plgrid/plgnasqret/codex-control/projects/euf-viper/corpora/9b39c70a794d52277a4e5d83731f0ebc50a2f3b804eb1dfc8cf32766a5ebeadc/smtlib-2025/QF_UF/QF_UF/QG-classification/qg7/gensys_brn012.smt2""]"
2,0,6935,QF_UF/QG-classification/qg7/gensys_brn012.smt2,7b0c003fd90dea30b1399a6e5985dca278642e42c9138022c03348a51b0c9b19,831673,sat,1,williams_first_order_carryover,ae0f9f51875b06d06252e67375eb448bb077cfb33b275b2adfe210a6a9757125,1,1,0,1,0,0,staged-10,staged-10,"[""staged-10"",""baseline""]",parser_inclusive_subprocess_wall_clock,1,sat,0.170412778,0,0,0,,,"sat
",,"[""/net/scratch/hscra/plgrid/plgnasqret/codex-control/projects/euf-viper/runs/20260727T073625Z-staged-qg7-e9fef17/target/release/euf-viper"",""fabric-solve"",""--engine"",""quotient-portfolio"",""/net/scratch/hscra/plgrid/plgnasqret/codex-control/projects/euf-viper/corpora/9b39c70a794d52277a4e5d83731f0ebc50a2f3b804eb1dfc8cf32766a5ebeadc/smtlib-2025/QF_UF/QF_UF/QG-classification/qg7/gensys_brn012.smt2""]"
3,0,6935,QF_UF/QG-classification/qg7/gensys_brn012.smt2,7b0c003fd90dea30b1399a6e5985dca278642e42c9138022c03348a51b0c9b19,831673,sat,1,williams_first_order_carryover,ae0f9f51875b06d06252e67375eb448bb077cfb33b275b2adfe210a6a9757125,1,1,0,1,1,1,baseline,baseline,"[""staged-10"",""baseline""]",parser_inclusive_subprocess_wall_clock,1,sat,0.111388092,0,0,0,,,"sat
",,"[""/net/scratch/hscra/plgrid/plgnasqret/codex-control/projects/euf-viper/runs/20260727T073625Z-staged-qg7-e9fef17/target/release/euf-viper"",""fabric-solve"",""--engine"",""quotient-portfolio"",""/net/scratch/hscra/plgrid/plgnasqret/codex-control/projects/euf-viper/corpora/9b39c70a794d52277a4e5d83731f0ebc50a2f3b804eb1dfc8cf32766a5ebeadc/smtlib-2025/QF_UF/QF_UF/QG-classification/qg7/gensys_brn012.smt2""]"
4,1,6999,QF_UF/QG-classification/qg7/gensys_brn_sk021.smt2,9594a77eb8e01b452c985c2a5e4aaa8cb7879e8bba562cba7efbc48757b5e01b,812059,sat,1,williams_first_order_carryover,ae0f9f51875b06d06252e67375eb448bb077cfb33b275b2adfe210a6a9757125,0,0,0,0,0,0,baseline,baseline,"[""baseline"",""staged-10""]",parser_inclusive_subprocess_wall_clock,1,sat,0.115812159,0,0,0,,,"sat
",,"[""/net/scratch/hscra/plgrid/plgnasqret/codex-control/projects/euf-viper/runs/20260727T073625Z-staged-qg7-e9fef17/target/release/euf-viper"",""fabric-solve"",""--engine"",""quotient-portfolio"",""/net/scratch/hscra/plgrid/plgnasqret/codex-control/projects/euf-viper/corpora/9b39c70a794d52277a4e5d83731f0ebc50a2f3b804eb1dfc8cf32766a5ebeadc/smtlib-2025/QF_UF/QF_UF/QG-classification/qg7/gensys_brn_sk021.smt2""]"
5,1,6999,QF_UF/QG-classification/qg7/gensys_brn_sk021.smt2,9594a77eb8e01b452c985c2a5e4aaa8cb7879e8bba562cba7efbc48757b5e01b,812059,sat,1,williams_first_order_carryover,ae0f9f51875b06d06252e67375eb448bb077cfb33b275b2adfe210a6a9757125,0,0,0,0,1,1,staged-10,staged-10,"[""baseline"",""staged-10""]",parser_inclusive_subprocess_wall_clock,1,sat,0.177302670,0,0,0,,,"sat
",,"[""/net/scratch/hscra/plgrid/plgnasqret/codex-control/projects/euf-viper/runs/20260727T073625Z-staged-qg7-e9fef17/target/release/euf-viper"",""fabric-solve"",""--engine"",""quotient-portfolio"",""/net/scratch/hscra/plgrid/plgnasqret/codex-control/projects/euf-viper/corpora/9b39c70a794d52277a4e5d83731f0ebc50a2f3b804eb1dfc8cf32766a5ebeadc/smtlib-2025/QF_UF/QF_UF/QG-classification/qg7/gensys_brn_sk021.smt2""]"
6,1,6999,QF_UF/QG-classification/qg7/gensys_brn_sk021.smt2,9594a77eb8e01b452c985c2a5e4aaa8cb7879e8bba562cba7efbc48757b5e01b,812059,sat,1,williams_first_order_carryover,ae0f9f51875b06d06252e67375eb448bb077cfb33b275b2adfe210a6a9757125,1,1,0,1,0,0,staged-10,staged-10,"[""staged-10"",""baseline""]",parser_inclusive_subprocess_wall_clock,1,sat,0.175386876,0,0,0,,,"sat
",,"[""/net/scratch/hscra/plgrid/plgnasqret/codex-control/projects/euf-viper/runs/20260727T073625Z-staged-qg7-e9fef17/target/release/euf-viper"",""fabric-solve"",""--engine"",""quotient-portfolio"",""/net/scratch/hscra/plgrid/plgnasqret/codex-control/projects/euf-viper/corpora/9b39c70a794d52277a4e5d83731f0ebc50a2f3b804eb1dfc8cf32766a5ebeadc/smtlib-2025/QF_UF/QF_UF/QG-classification/qg7/gensys_brn_sk021.smt2""]"
7,1,6999,QF_UF/QG-classification/qg7/gensys_brn_sk021.smt2,9594a77eb8e01b452c985c2a5e4aaa8cb7879e8bba562cba7efbc48757b5e01b,812059,sat,1,williams_first_order_carryover,ae0f9f51875b06d06252e67375eb448bb077cfb33b275b2adfe210a6a9757125,1,1,0,1,1,1,baseline,baseline,"[""staged-10"",""baseline""]",parser_inclusive_subprocess_wall_clock,1,sat,0.117166965,0,0,0,,,"sat
",,"[""/net/scratch/hscra/plgrid/plgnasqret/codex-control/projects/euf-viper/runs/20260727T073625Z-staged-qg7-e9fef17/target/release/euf-viper"",""fabric-solve"",""--engine"",""quotient-portfolio"",""/net/scratch/hscra/plgrid/plgnasqret/codex-control/projects/euf-viper/corpora/9b39c70a794d52277a4e5d83731f0ebc50a2f3b804eb1dfc8cf32766a5ebeadc/smtlib-2025/QF_UF/QF_UF/QG-classification/qg7/gensys_brn_sk021.smt2""]"
8,2,7063,QF_UF/QG-classification/qg7/iso_brn018.smt2,d6e99e2fd8f38fb2dbebfd286fb66e8d773c1d4ed9b729011e216d4e9f07255d,63785,unsat,1,williams_first_order_carryover,ae0f9f51875b06d06252e67375eb448bb077cfb33b275b2adfe210a6a9757125,0,0,0,0,0,0,baseline,baseline,"[""baseline"",""staged-10""]",parser_inclusive_subprocess_wall_clock,1,unsat,0.192665953,0,0,0,,,"unsat
",,"[""/net/scratch/hscra/plgrid/plgnasqret/codex-control/projects/euf-viper/runs/20260727T073625Z-staged-qg7-e9fef17/target/release/euf-viper"",""fabric-solve"",""--engine"",""quotient-portfolio"",""/net/scratch/hscra/plgrid/plgnasqret/codex-control/projects/euf-viper/corpora/9b39c70a794d52277a4e5d83731f0ebc50a2f3b804eb1dfc8cf32766a5ebeadc/smtlib-2025/QF_UF/QF_UF/QG-classification/qg7/iso_brn018.smt2""]"
9,2,7063,QF_UF/QG-classification/qg7/iso_brn018.smt2,d6e99e2fd8f38fb2dbebfd286fb66e8d773c1d4ed9b729011e216d4e9f07255d,63785,unsat,1,williams_first_order_carryover,ae0f9f51875b06d06252e67375eb448bb077cfb33b275b2adfe210a6a9757125,0,0,0,0,1,1,staged-10,staged-10,"[""baseline"",""staged-10""]",parser_inclusive_subprocess_wall_clock,1,unsat,0.190988706,0,0,0,,,"unsat
",,"[""/net/scratch/hscra/plgrid/plgnasqret/codex-control/projects/euf-viper/runs/20260727T073625Z-staged-qg7-e9fef17/target/release/euf-viper"",""fabric-solve"",""--engine"",""quotient-portfolio"",""/net/scratch/hscra/plgrid/plgnasqret/codex-control/projects/euf-viper/corpora/9b39c70a794d52277a4e5d83731f0ebc50a2f3b804eb1dfc8cf32766a5ebeadc/smtlib-2025/QF_UF/QF_UF/QG-classification/qg7/iso_brn018.smt2""]"
10,2,7063,QF_UF/QG-classification/qg7/iso_brn018.smt2,d6e99e2fd8f38fb2dbebfd286fb66e8d773c1d4ed9b729011e216d4e9f07255d,63785,unsat,1,williams_first_order_carryover,ae0f9f51875b06d06252e67375eb448bb077cfb33b275b2adfe210a6a9757125,1,1,0,1,0,0,staged-10,staged-10,"[""staged-10"",""baseline""]",parser_inclusive_subprocess_wall_clock,1,unsat,0.189109010,0,0,0,,,"unsat
",,"[""/net/scratch/hscra/plgrid/plgnasqret/codex-control/projects/euf-viper/runs/20260727T073625Z-staged-qg7-e9fef17/target/release/euf-viper"",""fabric-solve"",""--engine"",""quotient-portfolio"",""/net/scratch/hscra/plgrid/plgnasqret/codex-control/projects/euf-viper/corpora/9b39c70a794d52277a4e5d83731f0ebc50a2f3b804eb1dfc8cf32766a5ebeadc/smtlib-2025/QF_UF/QF_UF/QG-classification/qg7/iso_brn018.smt2""]"
11,2,7063,QF_UF/QG-classification/qg7/iso_brn018.smt2,d6e99e2fd8f38fb2dbebfd286fb66e8d773c1d4ed9b729011e216d4e9f07255d,63785,unsat,1,williams_first_order_carryover,ae0f9f51875b06d06252e67375eb448bb077cfb33b275b2adfe210a6a9757125,1,1,0,1,1,1,baseline,baseline,"[""staged-10"",""baseline""]",parser_inclusive_subprocess_wall_clock,1,unsat,0.190808081,0,0,0,,,"unsat
",,"[""/net/scratch/hscra/plgrid/plgnasqret/codex-control/projects/euf-viper/runs/20260727T073625Z-staged-qg7-e9fef17/target/release/euf-viper"",""fabric-solve"",""--engine"",""quotient-portfolio"",""/net/scratch/hscra/plgrid/plgnasqret/codex-control/projects/euf-viper/corpora/9b39c70a794d52277a4e5d83731f0ebc50a2f3b804eb1dfc8cf32766a5ebeadc/smtlib-2025/QF_UF/QF_UF/QG-classification/qg7/iso_brn018.smt2""]"
12,3,7127,QF_UF/QG-classification/qg7/iso_brn_nogen_sk009.smt2,2142ade95d411e4cf23d56d80a7baaf2ac37efb8f67a70e616b071dd1eda4cc6,6012377,sat,1,williams_first_order_carryover,ae0f9f51875b06d06252e67375eb448bb077cfb33b275b2adfe210a6a9757125,0,0,0,0,0,0,baseline,baseline,"[""baseline"",""staged-10""]",parser_inclusive_subprocess_wall_clock,1,sat,1.452654141,0,0,0,,,"sat
",,"[""/net/scratch/hscra/plgrid/plgnasqret/codex-control/projects/euf-viper/runs/20260727T073625Z-staged-qg7-e9fef17/target/release/euf-viper"",""fabric-solve"",""--engine"",""quotient-portfolio"",""/net/scratch/hscra/plgrid/plgnasqret/codex-control/projects/euf-viper/corpora/9b39c70a794d52277a4e5d83731f0ebc50a2f3b804eb1dfc8cf32766a5ebeadc/smtlib-2025/QF_UF/QF_UF/QG-classification/qg7/iso_brn_nogen_sk009.smt2""]"
13,3,7127,QF_UF/QG-classification/qg7/iso_brn_nogen_sk009.smt2,2142ade95d411e4cf23d56d80a7baaf2ac37efb8f67a70e616b071dd1eda4cc6,6012377,sat,1,williams_first_order_carryover,ae0f9f51875b06d06252e67375eb448bb077cfb33b275b2adfe210a6a9757125,0,0,0,0,1,1,staged-10,staged-10,"[""baseline"",""staged-10""]",parser_inclusive_subprocess_wall_clock,1,timeout,2.017947929,124,-9,1,timeout,exceeded 2 seconds,,,"[""/net/scratch/hscra/plgrid/plgnasqret/codex-control/projects/euf-viper/runs/20260727T073625Z-staged-qg7-e9fef17/target/release/euf-viper"",""fabric-solve"",""--engine"",""quotient-portfolio"",""/net/scratch/hscra/plgrid/plgnasqret/codex-control/projects/euf-viper/corpora/9b39c70a794d52277a4e5d83731f0ebc50a2f3b804eb1dfc8cf32766a5ebeadc/smtlib-2025/QF_UF/QF_UF/QG-classification/qg7/iso_brn_nogen_sk009.smt2""]"
14,3,7127,QF_UF/QG-classification/qg7/iso_brn_nogen_sk009.smt2,2142ade95d411e4cf23d56d80a7baaf2ac37efb8f67a70e616b071dd1eda4cc6,6012377,sat,1,williams_first_order_carryover,ae0f9f51875b06d06252e67375eb448bb077cfb33b275b2adfe210a6a9757125,1,1,0,1,0,0,staged-10,staged-10,"[""staged-10"",""baseline""]",parser_inclusive_subprocess_wall_clock,1,timeout,2.018705814,124,-9,1,timeout,exceeded 2 seconds,,,"[""/net/scratch/hscra/plgrid/plgnasqret/codex-control/projects/euf-viper/runs/20260727T073625Z-staged-qg7-e9fef17/target/release/euf-viper"",""fabric-solve"",""--engine"",""quotient-portfolio"",""/net/scratch/hscra/plgrid/plgnasqret/codex-control/projects/euf-viper/corpora/9b39c70a794d52277a4e5d83731f0ebc50a2f3b804eb1dfc8cf32766a5ebeadc/smtlib-2025/QF_UF/QF_UF/QG-classification/qg7/iso_brn_nogen_sk009.smt2""]"
15,3,7127,QF_UF/QG-classification/qg7/iso_brn_nogen_sk009.smt2,2142ade95d411e4cf23d56d80a7baaf2ac37efb8f67a70e616b071dd1eda4cc6,6012377,sat,1,williams_first_order_carryover,ae0f9f51875b06d06252e67375eb448bb077cfb33b275b2adfe210a6a9757125,1,1,0,1,1,1,baseline,baseline,"[""staged-10"",""baseline""]",parser_inclusive_subprocess_wall_clock,1,sat,1.616191884,0,0,0,,,"sat
",,"[""/net/scratch/hscra/plgrid/plgnasqret/codex-control/projects/euf-viper/runs/20260727T073625Z-staged-qg7-e9fef17/target/release/euf-viper"",""fabric-solve"",""--engine"",""quotient-portfolio"",""/net/scratch/hscra/plgrid/plgnasqret/codex-control/projects/euf-viper/corpora/9b39c70a794d52277a4e5d83731f0ebc50a2f3b804eb1dfc8cf32766a5ebeadc/smtlib-2025/QF_UF/QF_UF/QG-classification/qg7/iso_brn_nogen_sk009.smt2""]"
16,4,7191,QF_UF/QG-classification/qg7/iso_brn_repgen054.smt2,263bfbd65c7e9a480d3487ac52293e9bacc3f2149b77935ec100411b3917d87b,76177,sat,1,williams_first_order_carryover,ae0f9f51875b06d06252e67375eb448bb077cfb33b275b2adfe210a6a9757125,0,0,0,0,0,0,baseline,baseline,"[""baseline"",""staged-10""]",parser_inclusive_subprocess_wall_clock,1,sat,0.054054024,0,0,0,,,"sat
",,"[""/net/scratch/hscra/plgrid/plgnasqret/codex-control/projects/euf-viper/runs/20260727T073625Z-staged-qg7-e9fef17/target/release/euf-viper"",""fabric-solve"",""--engine"",""quotient-portfolio"",""/net/scratch/hscra/plgrid/plgnasqret/codex-control/projects/euf-viper/corpora/9b39c70a794d52277a4e5d83731f0ebc50a2f3b804eb1dfc8cf32766a5ebeadc/smtlib-2025/QF_UF/QF_UF/QG-classification/qg7/iso_brn_repgen054.smt2""]"
17,4,7191,QF_UF/QG-classification/qg7/iso_brn_repgen054.smt2,263bfbd65c7e9a480d3487ac52293e9bacc3f2149b77935ec100411b3917d87b,76177,sat,1,williams_first_order_carryover,ae0f9f51875b06d06252e67375eb448bb077cfb33b275b2adfe210a6a9757125,0,0,0,0,1,1,staged-10,staged-10,"[""baseline"",""staged-10""]",parser_inclusive_subprocess_wall_clock,1,sat,0.142408165,0,0,0,,,"sat
",,"[""/net/scratch/hscra/plgrid/plgnasqret/codex-control/projects/euf-viper/runs/20260727T073625Z-staged-qg7-e9fef17/target/release/euf-viper"",""fabric-solve"",""--engine"",""quotient-portfolio"",""/net/scratch/hscra/plgrid/plgnasqret/codex-control/projects/euf-viper/corpora/9b39c70a794d52277a4e5d83731f0ebc50a2f3b804eb1dfc8cf32766a5ebeadc/smtlib-2025/QF_UF/QF_UF/QG-classification/qg7/iso_brn_repgen054.smt2""]"
18,4,7191,QF_UF/QG-classification/qg7/iso_brn_repgen054.smt2,263bfbd65c7e9a480d3487ac52293e9bacc3f2149b77935ec100411b3917d87b,76177,sat,1,williams_first_order_carryover,ae0f9f51875b06d06252e67375eb448bb077cfb33b275b2adfe210a6a9757125,1,1,0,1,0,0,staged-10,staged-10,"[""staged-10"",""baseline""]",parser_inclusive_subprocess_wall_clock,1,sat,0.145206307,0,0,0,,,"sat
",,"[""/net/scratch/hscra/plgrid/plgnasqret/codex-control/projects/euf-viper/runs/20260727T073625Z-staged-qg7-e9fef17/target/release/euf-viper"",""fabric-solve"",""--engine"",""quotient-portfolio"",""/net/scratch/hscra/plgrid/plgnasqret/codex-control/projects/euf-viper/corpora/9b39c70a794d52277a4e5d83731f0ebc50a2f3b804eb1dfc8cf32766a5ebeadc/smtlib-2025/QF_UF/QF_UF/QG-classification/qg7/iso_brn_repgen054.smt2""]"
19,4,7191,QF_UF/QG-classification/qg7/iso_brn_repgen054.smt2,263bfbd65c7e9a480d3487ac52293e9bacc3f2149b77935ec100411b3917d87b,76177,sat,1,williams_first_order_carryover,ae0f9f51875b06d06252e67375eb448bb077cfb33b275b2adfe210a6a9757125,1,1,0,1,1,1,baseline,baseline,"[""staged-10"",""baseline""]",parser_inclusive_subprocess_wall_clock,1,sat,0.054439615,0,0,0,,,"sat
",,"[""/net/scratch/hscra/plgrid/plgnasqret/codex-control/projects/euf-viper/runs/20260727T073625Z-staged-qg7-e9fef17/target/release/euf-viper"",""fabric-solve"",""--engine"",""quotient-portfolio"",""/net/scratch/hscra/plgrid/plgnasqret/codex-control/projects/euf-viper/corpora/9b39c70a794d52277a4e5d83731f0ebc50a2f3b804eb1dfc8cf32766a5ebeadc/smtlib-2025/QF_UF/QF_UF/QG-classification/qg7/iso_brn_repgen054.smt2""]"
20,5,7255,QF_UF/QG-classification/qg7/iso_brn_sk009.smt2,046f8097a8c6e52608e0a56798a9d2cd316b3713e88b5e5e72a5bc8bae6cdfd4,41309,sat,1,williams_first_order_carryover,ae0f9f51875b06d06252e67375eb448bb077cfb33b275b2adfe210a6a9757125,0,0,0,0,0,0,baseline,baseline,"[""baseline"",""staged-10""]",parser_inclusive_subprocess_wall_clock,1,sat,0.016472921,0,0,0,,,"sat
",,"[""/net/scratch/hscra/plgrid/plgnasqret/codex-control/projects/euf-viper/runs/20260727T073625Z-staged-qg7-e9fef17/target/release/euf-viper"",""fabric-solve"",""--engine"",""quotient-portfolio"",""/net/scratch/hscra/plgrid/plgnasqret/codex-control/projects/euf-viper/corpora/9b39c70a794d52277a4e5d83731f0ebc50a2f3b804eb1dfc8cf32766a5ebeadc/smtlib-2025/QF_UF/QF_UF/QG-classification/qg7/iso_brn_sk009.smt2""]"
21,5,7255,QF_UF/QG-classification/qg7/iso_brn_sk009.smt2,046f8097a8c6e52608e0a56798a9d2cd316b3713e88b5e5e72a5bc8bae6cdfd4,41309,sat,1,williams_first_order_carryover,ae0f9f51875b06d06252e67375eb448bb077cfb33b275b2adfe210a6a9757125,0,0,0,0,1,1,staged-10,staged-10,"[""baseline"",""staged-10""]",parser_inclusive_subprocess_wall_clock,1,sat,0.029150180,0,0,0,,,"sat
",,"[""/net/scratch/hscra/plgrid/plgnasqret/codex-control/projects/euf-viper/runs/20260727T073625Z-staged-qg7-e9fef17/target/release/euf-viper"",""fabric-solve"",""--engine"",""quotient-portfolio"",""/net/scratch/hscra/plgrid/plgnasqret/codex-control/projects/euf-viper/corpora/9b39c70a794d52277a4e5d83731f0ebc50a2f3b804eb1dfc8cf32766a5ebeadc/smtlib-2025/QF_UF/QF_UF/QG-classification/qg7/iso_brn_sk009.smt2""]"
22,5,7255,QF_UF/QG-classification/qg7/iso_brn_sk009.smt2,046f8097a8c6e52608e0a56798a9d2cd316b3713e88b5e5e72a5bc8bae6cdfd4,41309,sat,1,williams_first_order_carryover,ae0f9f51875b06d06252e67375eb448bb077cfb33b275b2adfe210a6a9757125,1,1,0,1,0,0,staged-10,staged-10,"[""staged-10"",""baseline""]",parser_inclusive_subprocess_wall_clock,1,sat,0.029914761,0,0,0,,,"sat
",,"[""/net/scratch/hscra/plgrid/plgnasqret/codex-control/projects/euf-viper/runs/20260727T073625Z-staged-qg7-e9fef17/target/release/euf-viper"",""fabric-solve"",""--engine"",""quotient-portfolio"",""/net/scratch/hscra/plgrid/plgnasqret/codex-control/projects/euf-viper/corpora/9b39c70a794d52277a4e5d83731f0ebc50a2f3b804eb1dfc8cf32766a5ebeadc/smtlib-2025/QF_UF/QF_UF/QG-classification/qg7/iso_brn_sk009.smt2""]"
23,5,7255,QF_UF/QG-classification/qg7/iso_brn_sk009.smt2,046f8097a8c6e52608e0a56798a9d2cd316b3713e88b5e5e72a5bc8bae6cdfd4,41309,sat,1,williams_first_order_carryover,ae0f9f51875b06d06252e67375eb448bb077cfb33b275b2adfe210a6a9757125,1,1,0,1,1,1,baseline,baseline,"[""staged-10"",""baseline""]",parser_inclusive_subprocess_wall_clock,1,sat,0.015720269,0,0,0,,,"sat
",,"[""/net/scratch/hscra/plgrid/plgnasqret/codex-control/projects/euf-viper/runs/20260727T073625Z-staged-qg7-e9fef17/target/release/euf-viper"",""fabric-solve"",""--engine"",""quotient-portfolio"",""/net/scratch/hscra/plgrid/plgnasqret/codex-control/projects/euf-viper/corpora/9b39c70a794d52277a4e5d83731f0ebc50a2f3b804eb1dfc8cf32766a5ebeadc/smtlib-2025/QF_UF/QF_UF/QG-classification/qg7/iso_brn_sk009.smt2""]"
24,6,7319,QF_UF/QG-classification/qg7/iso_icl_nogen_sk004.smt2,72b5e5242f0de636f031840d9e04e4d1cf55203ac1d0653c10e3576d7561e1b8,6013902,unsat,1,williams_first_order_carryover,ae0f9f51875b06d06252e67375eb448bb077cfb33b275b2adfe210a6a9757125,0,0,0,0,0,0,baseline,baseline,"[""baseline"",""staged-10""]",parser_inclusive_subprocess_wall_clock,1,timeout,2.008101674,124,-9,1,timeout,exceeded 2 seconds,,,"[""/net/scratch/hscra/plgrid/plgnasqret/codex-control/projects/euf-viper/runs/20260727T073625Z-staged-qg7-e9fef17/target/release/euf-viper"",""fabric-solve"",""--engine"",""quotient-portfolio"",""/net/scratch/hscra/plgrid/plgnasqret/codex-control/projects/euf-viper/corpora/9b39c70a794d52277a4e5d83731f0ebc50a2f3b804eb1dfc8cf32766a5ebeadc/smtlib-2025/QF_UF/QF_UF/QG-classification/qg7/iso_icl_nogen_sk004.smt2""]"
25,6,7319,QF_UF/QG-classification/qg7/iso_icl_nogen_sk004.smt2,72b5e5242f0de636f031840d9e04e4d1cf55203ac1d0653c10e3576d7561e1b8,6013902,unsat,1,williams_first_order_carryover,ae0f9f51875b06d06252e67375eb448bb077cfb33b275b2adfe210a6a9757125,0,0,0,0,1,1,staged-10,staged-10,"[""baseline"",""staged-10""]",parser_inclusive_subprocess_wall_clock,1,timeout,2.018210315,124,-9,1,timeout,exceeded 2 seconds,,,"[""/net/scratch/hscra/plgrid/plgnasqret/codex-control/projects/euf-viper/runs/20260727T073625Z-staged-qg7-e9fef17/target/release/euf-viper"",""fabric-solve"",""--engine"",""quotient-portfolio"",""/net/scratch/hscra/plgrid/plgnasqret/codex-control/projects/euf-viper/corpora/9b39c70a794d52277a4e5d83731f0ebc50a2f3b804eb1dfc8cf32766a5ebeadc/smtlib-2025/QF_UF/QF_UF/QG-classification/qg7/iso_icl_nogen_sk004.smt2""]"
26,6,7319,QF_UF/QG-classification/qg7/iso_icl_nogen_sk004.smt2,72b5e5242f0de636f031840d9e04e4d1cf55203ac1d0653c10e3576d7561e1b8,6013902,unsat,1,williams_first_order_carryover,ae0f9f51875b06d06252e67375eb448bb077cfb33b275b2adfe210a6a9757125,1,1,0,1,0,0,staged-10,staged-10,"[""staged-10"",""baseline""]",parser_inclusive_subprocess_wall_clock,1,timeout,2.019137093,124,-9,1,timeout,exceeded 2 seconds,,,"[""/net/scratch/hscra/plgrid/plgnasqret/codex-control/projects/euf-viper/runs/20260727T073625Z-staged-qg7-e9fef17/target/release/euf-viper"",""fabric-solve"",""--engine"",""quotient-portfolio"",""/net/scratch/hscra/plgrid/plgnasqret/codex-control/projects/euf-viper/corpora/9b39c70a794d52277a4e5d83731f0ebc50a2f3b804eb1dfc8cf32766a5ebeadc/smtlib-2025/QF_UF/QF_UF/QG-classification/qg7/iso_icl_nogen_sk004.smt2""]"
27,6,7319,QF_UF/QG-classification/qg7/iso_icl_nogen_sk004.smt2,72b5e5242f0de636f031840d9e04e4d1cf55203ac1d0653c10e3576d7561e1b8,6013902,unsat,1,williams_first_order_carryover,ae0f9f51875b06d06252e67375eb448bb077cfb33b275b2adfe210a6a9757125,1,1,0,1,1,1,baseline,baseline,"[""staged-10"",""baseline""]",parser_inclusive_subprocess_wall_clock,1,timeout,2.009063068,124,-9,1,timeout,exceeded 2 seconds,,,"[""/net/scratch/hscra/plgrid/plgnasqret/codex-control/projects/euf-viper/runs/20260727T073625Z-staged-qg7-e9fef17/target/release/euf-viper"",""fabric-solve"",""--engine"",""quotient-portfolio"",""/net/scratch/hscra/plgrid/plgnasqret/codex-control/projects/euf-viper/corpora/9b39c70a794d52277a4e5d83731f0ebc50a2f3b804eb1dfc8cf32766a5ebeadc/smtlib-2025/QF_UF/QF_UF/QG-classification/qg7/iso_icl_nogen_sk004.smt2""]"
