sequence,row_index,id,relative_path,expected_status,label,repeat,order_in_repeat,result,time_s,exit_code,process_returncode,timed_out,error_kind,stdout,stderr,argv_json
0,0,305,QF_UF/2018-Goel-hwbench/QF_UF_frogs.2.prop1_ab_br_max.smt2,sat,baseline,0,0,sat,0.071618292,0,0,0,,"sat
",,"[""target/release/euf-viper"",""fabric-solve"",""--engine"",""quotient-portfolio"",""/Users/airbartek/codex/z3/benchmarks/smtlib-2025/QF_UF/QF_UF/2018-Goel-hwbench/QF_UF_frogs.2.prop1_ab_br_max.smt2""]"
1,0,305,QF_UF/2018-Goel-hwbench/QF_UF_frogs.2.prop1_ab_br_max.smt2,sat,candidate,0,1,sat,0.068904208,0,0,0,,"sat
",,"[""target/release/euf-viper"",""fabric-solve"",""--engine"",""quotient-portfolio"",""/Users/airbartek/codex/z3/benchmarks/smtlib-2025/QF_UF/QF_UF/2018-Goel-hwbench/QF_UF_frogs.2.prop1_ab_br_max.smt2""]"
2,0,305,QF_UF/2018-Goel-hwbench/QF_UF_frogs.2.prop1_ab_br_max.smt2,sat,candidate,1,0,sat,0.069844834,0,0,0,,"sat
",,"[""target/release/euf-viper"",""fabric-solve"",""--engine"",""quotient-portfolio"",""/Users/airbartek/codex/z3/benchmarks/smtlib-2025/QF_UF/QF_UF/2018-Goel-hwbench/QF_UF_frogs.2.prop1_ab_br_max.smt2""]"
3,0,305,QF_UF/2018-Goel-hwbench/QF_UF_frogs.2.prop1_ab_br_max.smt2,sat,baseline,1,1,sat,0.070281917,0,0,0,,"sat
",,"[""target/release/euf-viper"",""fabric-solve"",""--engine"",""quotient-portfolio"",""/Users/airbartek/codex/z3/benchmarks/smtlib-2025/QF_UF/QF_UF/2018-Goel-hwbench/QF_UF_frogs.2.prop1_ab_br_max.smt2""]"
4,0,305,QF_UF/2018-Goel-hwbench/QF_UF_frogs.2.prop1_ab_br_max.smt2,sat,baseline,2,0,sat,0.069380208,0,0,0,,"sat
",,"[""target/release/euf-viper"",""fabric-solve"",""--engine"",""quotient-portfolio"",""/Users/airbartek/codex/z3/benchmarks/smtlib-2025/QF_UF/QF_UF/2018-Goel-hwbench/QF_UF_frogs.2.prop1_ab_br_max.smt2""]"
5,0,305,QF_UF/2018-Goel-hwbench/QF_UF_frogs.2.prop1_ab_br_max.smt2,sat,candidate,2,1,sat,0.069202125,0,0,0,,"sat
",,"[""target/release/euf-viper"",""fabric-solve"",""--engine"",""quotient-portfolio"",""/Users/airbartek/codex/z3/benchmarks/smtlib-2025/QF_UF/QF_UF/2018-Goel-hwbench/QF_UF_frogs.2.prop1_ab_br_max.smt2""]"
6,0,305,QF_UF/2018-Goel-hwbench/QF_UF_frogs.2.prop1_ab_br_max.smt2,sat,candidate,3,0,sat,0.070445542,0,0,0,,"sat
",,"[""target/release/euf-viper"",""fabric-solve"",""--engine"",""quotient-portfolio"",""/Users/airbartek/codex/z3/benchmarks/smtlib-2025/QF_UF/QF_UF/2018-Goel-hwbench/QF_UF_frogs.2.prop1_ab_br_max.smt2""]"
7,0,305,QF_UF/2018-Goel-hwbench/QF_UF_frogs.2.prop1_ab_br_max.smt2,sat,baseline,3,1,sat,0.070021125,0,0,0,,"sat
",,"[""target/release/euf-viper"",""fabric-solve"",""--engine"",""quotient-portfolio"",""/Users/airbartek/codex/z3/benchmarks/smtlib-2025/QF_UF/QF_UF/2018-Goel-hwbench/QF_UF_frogs.2.prop1_ab_br_max.smt2""]"
8,0,305,QF_UF/2018-Goel-hwbench/QF_UF_frogs.2.prop1_ab_br_max.smt2,sat,baseline,4,0,sat,0.069952833,0,0,0,,"sat
",,"[""target/release/euf-viper"",""fabric-solve"",""--engine"",""quotient-portfolio"",""/Users/airbartek/codex/z3/benchmarks/smtlib-2025/QF_UF/QF_UF/2018-Goel-hwbench/QF_UF_frogs.2.prop1_ab_br_max.smt2""]"
9,0,305,QF_UF/2018-Goel-hwbench/QF_UF_frogs.2.prop1_ab_br_max.smt2,sat,candidate,4,1,sat,0.069199416,0,0,0,,"sat
",,"[""target/release/euf-viper"",""fabric-solve"",""--engine"",""quotient-portfolio"",""/Users/airbartek/codex/z3/benchmarks/smtlib-2025/QF_UF/QF_UF/2018-Goel-hwbench/QF_UF_frogs.2.prop1_ab_br_max.smt2""]"
10,0,305,QF_UF/2018-Goel-hwbench/QF_UF_frogs.2.prop1_ab_br_max.smt2,sat,candidate,5,0,sat,0.071193541,0,0,0,,"sat
",,"[""target/release/euf-viper"",""fabric-solve"",""--engine"",""quotient-portfolio"",""/Users/airbartek/codex/z3/benchmarks/smtlib-2025/QF_UF/QF_UF/2018-Goel-hwbench/QF_UF_frogs.2.prop1_ab_br_max.smt2""]"
11,0,305,QF_UF/2018-Goel-hwbench/QF_UF_frogs.2.prop1_ab_br_max.smt2,sat,baseline,5,1,sat,0.072153709,0,0,0,,"sat
",,"[""target/release/euf-viper"",""fabric-solve"",""--engine"",""quotient-portfolio"",""/Users/airbartek/codex/z3/benchmarks/smtlib-2025/QF_UF/QF_UF/2018-Goel-hwbench/QF_UF_frogs.2.prop1_ab_br_max.smt2""]"
12,0,305,QF_UF/2018-Goel-hwbench/QF_UF_frogs.2.prop1_ab_br_max.smt2,sat,baseline,6,0,sat,0.069522333,0,0,0,,"sat
",,"[""target/release/euf-viper"",""fabric-solve"",""--engine"",""quotient-portfolio"",""/Users/airbartek/codex/z3/benchmarks/smtlib-2025/QF_UF/QF_UF/2018-Goel-hwbench/QF_UF_frogs.2.prop1_ab_br_max.smt2""]"
13,0,305,QF_UF/2018-Goel-hwbench/QF_UF_frogs.2.prop1_ab_br_max.smt2,sat,candidate,6,1,sat,0.068586375,0,0,0,,"sat
",,"[""target/release/euf-viper"",""fabric-solve"",""--engine"",""quotient-portfolio"",""/Users/airbartek/codex/z3/benchmarks/smtlib-2025/QF_UF/QF_UF/2018-Goel-hwbench/QF_UF_frogs.2.prop1_ab_br_max.smt2""]"
14,0,305,QF_UF/2018-Goel-hwbench/QF_UF_frogs.2.prop1_ab_br_max.smt2,sat,candidate,7,0,sat,0.069445292,0,0,0,,"sat
",,"[""target/release/euf-viper"",""fabric-solve"",""--engine"",""quotient-portfolio"",""/Users/airbartek/codex/z3/benchmarks/smtlib-2025/QF_UF/QF_UF/2018-Goel-hwbench/QF_UF_frogs.2.prop1_ab_br_max.smt2""]"
15,0,305,QF_UF/2018-Goel-hwbench/QF_UF_frogs.2.prop1_ab_br_max.smt2,sat,baseline,7,1,sat,0.072187083,0,0,0,,"sat
",,"[""target/release/euf-viper"",""fabric-solve"",""--engine"",""quotient-portfolio"",""/Users/airbartek/codex/z3/benchmarks/smtlib-2025/QF_UF/QF_UF/2018-Goel-hwbench/QF_UF_frogs.2.prop1_ab_br_max.smt2""]"
16,0,305,QF_UF/2018-Goel-hwbench/QF_UF_frogs.2.prop1_ab_br_max.smt2,sat,baseline,8,0,sat,0.072254917,0,0,0,,"sat
",,"[""target/release/euf-viper"",""fabric-solve"",""--engine"",""quotient-portfolio"",""/Users/airbartek/codex/z3/benchmarks/smtlib-2025/QF_UF/QF_UF/2018-Goel-hwbench/QF_UF_frogs.2.prop1_ab_br_max.smt2""]"
17,0,305,QF_UF/2018-Goel-hwbench/QF_UF_frogs.2.prop1_ab_br_max.smt2,sat,candidate,8,1,sat,0.068333500,0,0,0,,"sat
",,"[""target/release/euf-viper"",""fabric-solve"",""--engine"",""quotient-portfolio"",""/Users/airbartek/codex/z3/benchmarks/smtlib-2025/QF_UF/QF_UF/2018-Goel-hwbench/QF_UF_frogs.2.prop1_ab_br_max.smt2""]"
18,0,305,QF_UF/2018-Goel-hwbench/QF_UF_frogs.2.prop1_ab_br_max.smt2,sat,candidate,9,0,sat,0.068318417,0,0,0,,"sat
",,"[""target/release/euf-viper"",""fabric-solve"",""--engine"",""quotient-portfolio"",""/Users/airbartek/codex/z3/benchmarks/smtlib-2025/QF_UF/QF_UF/2018-Goel-hwbench/QF_UF_frogs.2.prop1_ab_br_max.smt2""]"
19,0,305,QF_UF/2018-Goel-hwbench/QF_UF_frogs.2.prop1_ab_br_max.smt2,sat,baseline,9,1,sat,0.070591084,0,0,0,,"sat
",,"[""target/release/euf-viper"",""fabric-solve"",""--engine"",""quotient-portfolio"",""/Users/airbartek/codex/z3/benchmarks/smtlib-2025/QF_UF/QF_UF/2018-Goel-hwbench/QF_UF_frogs.2.prop1_ab_br_max.smt2""]"
20,0,305,QF_UF/2018-Goel-hwbench/QF_UF_frogs.2.prop1_ab_br_max.smt2,sat,baseline,10,0,sat,0.072190750,0,0,0,,"sat
",,"[""target/release/euf-viper"",""fabric-solve"",""--engine"",""quotient-portfolio"",""/Users/airbartek/codex/z3/benchmarks/smtlib-2025/QF_UF/QF_UF/2018-Goel-hwbench/QF_UF_frogs.2.prop1_ab_br_max.smt2""]"
21,0,305,QF_UF/2018-Goel-hwbench/QF_UF_frogs.2.prop1_ab_br_max.smt2,sat,candidate,10,1,sat,0.070026041,0,0,0,,"sat
",,"[""target/release/euf-viper"",""fabric-solve"",""--engine"",""quotient-portfolio"",""/Users/airbartek/codex/z3/benchmarks/smtlib-2025/QF_UF/QF_UF/2018-Goel-hwbench/QF_UF_frogs.2.prop1_ab_br_max.smt2""]"
22,0,305,QF_UF/2018-Goel-hwbench/QF_UF_frogs.2.prop1_ab_br_max.smt2,sat,candidate,11,0,sat,0.068633292,0,0,0,,"sat
",,"[""target/release/euf-viper"",""fabric-solve"",""--engine"",""quotient-portfolio"",""/Users/airbartek/codex/z3/benchmarks/smtlib-2025/QF_UF/QF_UF/2018-Goel-hwbench/QF_UF_frogs.2.prop1_ab_br_max.smt2""]"
23,0,305,QF_UF/2018-Goel-hwbench/QF_UF_frogs.2.prop1_ab_br_max.smt2,sat,baseline,11,1,sat,0.069927125,0,0,0,,"sat
",,"[""target/release/euf-viper"",""fabric-solve"",""--engine"",""quotient-portfolio"",""/Users/airbartek/codex/z3/benchmarks/smtlib-2025/QF_UF/QF_UF/2018-Goel-hwbench/QF_UF_frogs.2.prop1_ab_br_max.smt2""]"
24,0,305,QF_UF/2018-Goel-hwbench/QF_UF_frogs.2.prop1_ab_br_max.smt2,sat,baseline,12,0,sat,0.069464375,0,0,0,,"sat
",,"[""target/release/euf-viper"",""fabric-solve"",""--engine"",""quotient-portfolio"",""/Users/airbartek/codex/z3/benchmarks/smtlib-2025/QF_UF/QF_UF/2018-Goel-hwbench/QF_UF_frogs.2.prop1_ab_br_max.smt2""]"
25,0,305,QF_UF/2018-Goel-hwbench/QF_UF_frogs.2.prop1_ab_br_max.smt2,sat,candidate,12,1,sat,0.069059416,0,0,0,,"sat
",,"[""target/release/euf-viper"",""fabric-solve"",""--engine"",""quotient-portfolio"",""/Users/airbartek/codex/z3/benchmarks/smtlib-2025/QF_UF/QF_UF/2018-Goel-hwbench/QF_UF_frogs.2.prop1_ab_br_max.smt2""]"
26,0,305,QF_UF/2018-Goel-hwbench/QF_UF_frogs.2.prop1_ab_br_max.smt2,sat,candidate,13,0,sat,0.068474125,0,0,0,,"sat
",,"[""target/release/euf-viper"",""fabric-solve"",""--engine"",""quotient-portfolio"",""/Users/airbartek/codex/z3/benchmarks/smtlib-2025/QF_UF/QF_UF/2018-Goel-hwbench/QF_UF_frogs.2.prop1_ab_br_max.smt2""]"
27,0,305,QF_UF/2018-Goel-hwbench/QF_UF_frogs.2.prop1_ab_br_max.smt2,sat,baseline,13,1,sat,0.071012708,0,0,0,,"sat
",,"[""target/release/euf-viper"",""fabric-solve"",""--engine"",""quotient-portfolio"",""/Users/airbartek/codex/z3/benchmarks/smtlib-2025/QF_UF/QF_UF/2018-Goel-hwbench/QF_UF_frogs.2.prop1_ab_br_max.smt2""]"
28,0,305,QF_UF/2018-Goel-hwbench/QF_UF_frogs.2.prop1_ab_br_max.smt2,sat,baseline,14,0,sat,0.070686625,0,0,0,,"sat
",,"[""target/release/euf-viper"",""fabric-solve"",""--engine"",""quotient-portfolio"",""/Users/airbartek/codex/z3/benchmarks/smtlib-2025/QF_UF/QF_UF/2018-Goel-hwbench/QF_UF_frogs.2.prop1_ab_br_max.smt2""]"
29,0,305,QF_UF/2018-Goel-hwbench/QF_UF_frogs.2.prop1_ab_br_max.smt2,sat,candidate,14,1,sat,0.068452666,0,0,0,,"sat
",,"[""target/release/euf-viper"",""fabric-solve"",""--engine"",""quotient-portfolio"",""/Users/airbartek/codex/z3/benchmarks/smtlib-2025/QF_UF/QF_UF/2018-Goel-hwbench/QF_UF_frogs.2.prop1_ab_br_max.smt2""]"
30,0,305,QF_UF/2018-Goel-hwbench/QF_UF_frogs.2.prop1_ab_br_max.smt2,sat,candidate,15,0,sat,0.069518458,0,0,0,,"sat
",,"[""target/release/euf-viper"",""fabric-solve"",""--engine"",""quotient-portfolio"",""/Users/airbartek/codex/z3/benchmarks/smtlib-2025/QF_UF/QF_UF/2018-Goel-hwbench/QF_UF_frogs.2.prop1_ab_br_max.smt2""]"
31,0,305,QF_UF/2018-Goel-hwbench/QF_UF_frogs.2.prop1_ab_br_max.smt2,sat,baseline,15,1,sat,0.071377875,0,0,0,,"sat
",,"[""target/release/euf-viper"",""fabric-solve"",""--engine"",""quotient-portfolio"",""/Users/airbartek/codex/z3/benchmarks/smtlib-2025/QF_UF/QF_UF/2018-Goel-hwbench/QF_UF_frogs.2.prop1_ab_br_max.smt2""]"
32,0,305,QF_UF/2018-Goel-hwbench/QF_UF_frogs.2.prop1_ab_br_max.smt2,sat,baseline,16,0,sat,0.070000375,0,0,0,,"sat
",,"[""target/release/euf-viper"",""fabric-solve"",""--engine"",""quotient-portfolio"",""/Users/airbartek/codex/z3/benchmarks/smtlib-2025/QF_UF/QF_UF/2018-Goel-hwbench/QF_UF_frogs.2.prop1_ab_br_max.smt2""]"
33,0,305,QF_UF/2018-Goel-hwbench/QF_UF_frogs.2.prop1_ab_br_max.smt2,sat,candidate,16,1,sat,0.069258375,0,0,0,,"sat
",,"[""target/release/euf-viper"",""fabric-solve"",""--engine"",""quotient-portfolio"",""/Users/airbartek/codex/z3/benchmarks/smtlib-2025/QF_UF/QF_UF/2018-Goel-hwbench/QF_UF_frogs.2.prop1_ab_br_max.smt2""]"
34,0,305,QF_UF/2018-Goel-hwbench/QF_UF_frogs.2.prop1_ab_br_max.smt2,sat,candidate,17,0,sat,0.068481625,0,0,0,,"sat
",,"[""target/release/euf-viper"",""fabric-solve"",""--engine"",""quotient-portfolio"",""/Users/airbartek/codex/z3/benchmarks/smtlib-2025/QF_UF/QF_UF/2018-Goel-hwbench/QF_UF_frogs.2.prop1_ab_br_max.smt2""]"
35,0,305,QF_UF/2018-Goel-hwbench/QF_UF_frogs.2.prop1_ab_br_max.smt2,sat,baseline,17,1,sat,0.070156416,0,0,0,,"sat
",,"[""target/release/euf-viper"",""fabric-solve"",""--engine"",""quotient-portfolio"",""/Users/airbartek/codex/z3/benchmarks/smtlib-2025/QF_UF/QF_UF/2018-Goel-hwbench/QF_UF_frogs.2.prop1_ab_br_max.smt2""]"
36,0,305,QF_UF/2018-Goel-hwbench/QF_UF_frogs.2.prop1_ab_br_max.smt2,sat,baseline,18,0,sat,0.069942750,0,0,0,,"sat
",,"[""target/release/euf-viper"",""fabric-solve"",""--engine"",""quotient-portfolio"",""/Users/airbartek/codex/z3/benchmarks/smtlib-2025/QF_UF/QF_UF/2018-Goel-hwbench/QF_UF_frogs.2.prop1_ab_br_max.smt2""]"
37,0,305,QF_UF/2018-Goel-hwbench/QF_UF_frogs.2.prop1_ab_br_max.smt2,sat,candidate,18,1,sat,0.070034792,0,0,0,,"sat
",,"[""target/release/euf-viper"",""fabric-solve"",""--engine"",""quotient-portfolio"",""/Users/airbartek/codex/z3/benchmarks/smtlib-2025/QF_UF/QF_UF/2018-Goel-hwbench/QF_UF_frogs.2.prop1_ab_br_max.smt2""]"
38,0,305,QF_UF/2018-Goel-hwbench/QF_UF_frogs.2.prop1_ab_br_max.smt2,sat,candidate,19,0,sat,0.069349500,0,0,0,,"sat
",,"[""target/release/euf-viper"",""fabric-solve"",""--engine"",""quotient-portfolio"",""/Users/airbartek/codex/z3/benchmarks/smtlib-2025/QF_UF/QF_UF/2018-Goel-hwbench/QF_UF_frogs.2.prop1_ab_br_max.smt2""]"
39,0,305,QF_UF/2018-Goel-hwbench/QF_UF_frogs.2.prop1_ab_br_max.smt2,sat,baseline,19,1,sat,0.069881584,0,0,0,,"sat
",,"[""target/release/euf-viper"",""fabric-solve"",""--engine"",""quotient-portfolio"",""/Users/airbartek/codex/z3/benchmarks/smtlib-2025/QF_UF/QF_UF/2018-Goel-hwbench/QF_UF_frogs.2.prop1_ab_br_max.smt2""]"
40,0,305,QF_UF/2018-Goel-hwbench/QF_UF_frogs.2.prop1_ab_br_max.smt2,sat,baseline,20,0,sat,0.070205916,0,0,0,,"sat
",,"[""target/release/euf-viper"",""fabric-solve"",""--engine"",""quotient-portfolio"",""/Users/airbartek/codex/z3/benchmarks/smtlib-2025/QF_UF/QF_UF/2018-Goel-hwbench/QF_UF_frogs.2.prop1_ab_br_max.smt2""]"
41,0,305,QF_UF/2018-Goel-hwbench/QF_UF_frogs.2.prop1_ab_br_max.smt2,sat,candidate,20,1,sat,0.068506375,0,0,0,,"sat
",,"[""target/release/euf-viper"",""fabric-solve"",""--engine"",""quotient-portfolio"",""/Users/airbartek/codex/z3/benchmarks/smtlib-2025/QF_UF/QF_UF/2018-Goel-hwbench/QF_UF_frogs.2.prop1_ab_br_max.smt2""]"
