kind	name	path	sha256
module	GCCcore/14.3.0	/net/software/x86_64/el9modules/all/Core/GCCcore/14.3.0.lua	abb2118f73e423a17ebdf0e625393639c9cc5a6159a7cd18c9186a5911811576
module	Rust/1.88.0	/net/software/x86_64/el9modules/all/Compiler/GCCcore/14.3.0/Rust/1.88.0.lua	e39e52bc7bd2ac135ea3031498001f64ebafb86dab12a19746fa3c6867612b6a
header	stdbool.h	/net/software/x86_64/el9/GCCcore/14.3.0/lib/gcc/x86_64-pc-linux-gnu/14.3.0/include/stdbool.h	7b9c438a5b2f082a560a72da8d752da51062cc6f84d1c4acec45ff0a68e8d037
tool	bash	/usr/bin/bash	ec6d007d48ef11bc47ad3f372b4b20ff2f0d4e63867e7e4cc0f1b17b19fa88b2
tool	cargo	/net/software/x86_64/el9/Rust/1.88.0-GCCcore-14.3.0/bin/cargo	5aba5ad0ebbe4acd51fe86c4bdb52f7874c996dfb6ef18dd7c6a8162eff01e94
tool	gcc	/net/software/x86_64/el9/GCCcore/14.3.0/bin/gcc	39900e0fa75bfe29ee8e073a4f21da3aac3c8c9160964fe4f81b3e539b1d282c
tool	git	/usr/bin/git	be60250fab3f99aaf4c136e7c50ce00d7a5af30a184be60bf237b13ee997309a
tool	python3	/usr/bin/python3.9	330dac3ce66a47096592fa663b9cad1631d753afeaaceff851d2164f9616a5f9
tool	rsync	/usr/bin/rsync	fe91876be5cbade2348e6914016393c4a48aa574515c1c569f9ec48c3d11dc38
tool	rustc	/net/software/x86_64/el9/Rust/1.88.0-GCCcore-14.3.0/bin/rustc	b64ed395e7062966b30dcbee676aa80612bd08c6b5637f94fda0e144d99e2eb9
tool	sbatch	/net/slurm/releases/24.11.5.el9.x86_64.20251007/bin/sbatch	b800963175a0c0d5314faa71c9983831d0a7b096c4a64e4ec5defb8efc96cd8b
tool	sha256sum	/usr/bin/sha256sum	54d222a3f1c2f953541b13f69d18a396b6ca22ae7580e481ede18649105570a1
tool	srun	/net/slurm/releases/24.11.5.el9.x86_64.20251007/bin/srun	de09a745d35291c9d429d223bbe5ed07933f4d3e9ca91b4b1b521f183a567b3b
